,Country,Average Sentiment
0,Switzerland,0.48333333333333334
1,Tanzania,0.2833333333333333
